"PTM","Residue","Count","Percentage","PTM_Residue"
"Unmodified","All",77100,89.7513503445707,"Unmodified"
"Modified","All",8804,10.2486496554293,"Modified"
"Acetylation","All",510,5.79282144479782,"Acetylation"
"Citrullination","All",250,2.83961835529305,"Citrullination"
"Cysteinylation","All",2355,26.7492049068605,"Cysteinylation"
"Deamidation","All",2081,23.6369831894593,"Deamidation"
"Dimethylation","All",319,3.62335302135393,"Dimethylation"
"Methylation","All",475,5.39527487505679,"Methylation"
"N-Glycosylation","All",42,0.477055883689232,"N-Glycosylation"
"Oxidation","All",1640,18.6278964107224,"Oxidation"
"Phosphorylation","All",702,7.97364834166288,"Phosphorylation"
"SUMOylation","All",4,0.0454338936846888,"SUMOylation"
"Ubiquitination","All",426,4.83870967741935,"Ubiquitination"
"Acetylation","K",55,0.624716038164471,"K Acetylation"
"Acetylation","N-term",455,5.16810540663335,"N-term Acetylation"
"Citrullination","R",250,2.83961835529305,"R Citrullination"
"Cysteinylation","C",2355,26.7492049068605,"C Cysteinylation"
"Deamidation","N",1270,14.4252612448887,"N Deamidation"
"Deamidation","Q",811,9.21172194457065,"Q Deamidation"
"Dimethylation","K",16,0.181735574738755,"K Dimethylation"
"Dimethylation","M",31,0.352112676056338,"M Dimethylation"
"Dimethylation","N",10,0.113584734211722,"N Dimethylation"
"Dimethylation","P",52,0.590640617900954,"P Dimethylation"
"Dimethylation","R",210,2.38527941844616,"R Dimethylation"
"Methylation","C",1,0.0113584734211722,"C Methylation"
"Methylation","D",36,0.408905043162199,"D Methylation"
"Methylation","E",13,0.147660154475239,"E Methylation"
"Methylation","H",10,0.113584734211722,"H Methylation"
"Methylation","I",15,0.170377101317583,"I Methylation"
"Methylation","K",31,0.352112676056338,"K Methylation"
"Methylation","L",34,0.386188096319855,"L Methylation"
"Methylation","M",40,0.454338936846888,"M Methylation"
"Methylation","N",16,0.181735574738755,"N Methylation"
"Methylation","P",17,0.193094048159927,"P Methylation"
"Methylation","Q",15,0.170377101317583,"Q Methylation"
"Methylation","R",148,1.68105406633348,"R Methylation"
"Methylation","S",90,1.0222626079055,"S Methylation"
"Methylation","T",9,0.10222626079055,"T Methylation"
"N-Glycosylation","N",42,0.477055883689232,"N N-Glycosylation"
"Oxidation","C",65,0.738300772376193,"C Oxidation"
"Oxidation","D",66,0.749659245797365,"D Oxidation"
"Oxidation","E",84,0.954111767378464,"E Oxidation"
"Oxidation","F",14,0.159018627896411,"F Oxidation"
"Oxidation","G",57,0.647432985006815,"G Oxidation"
"Oxidation","I",34,0.386188096319855,"I Oxidation"
"Oxidation","K",82,0.93139482053612,"K Oxidation"
"Oxidation","L",110,1.24943207632894,"L Oxidation"
"Oxidation","M",581,6.59927305770104,"M Oxidation"
"Oxidation","N",65,0.738300772376193,"N Oxidation"
"Oxidation","P",94,1.06769650159019,"P Oxidation"
"Oxidation","Q",39,0.442980463425716,"Q Oxidation"
"Oxidation","R",47,0.533848250795093,"R Oxidation"
"Oxidation","S",101,1.14720581553839,"S Oxidation"
"Oxidation","T",53,0.601999091322126,"T Oxidation"
"Oxidation","V",57,0.647432985006815,"V Oxidation"
"Oxidation","W",20,0.227169468423444,"W Oxidation"
"Oxidation","Y",71,0.806451612903226,"Y Oxidation"
"Phosphorylation","S",531,6.03134938664244,"S Phosphorylation"
"Phosphorylation","T",144,1.6356201726488,"T Phosphorylation"
"Phosphorylation","Y",27,0.306678782371649,"Y Phosphorylation"
"SUMOylation","K",4,0.0454338936846888,"K SUMOylation"
"Ubiquitination","C",10,0.113584734211722,"C Ubiquitination"
"Ubiquitination","K",166,1.88550658791458,"K Ubiquitination"
"Ubiquitination","S",163,1.85143116765107,"S Ubiquitination"
"Ubiquitination","T",87,0.988187187641981,"T Ubiquitination"
