"PTM","Residue","PTM_Residue","Allele","n","n_strong","n_weak","n_nonbinder","pct_strong","pct_weak"
"Acetylation","K","K acetylation","A0201",11,2,1,8,18,9
"Acetylation","K","K acetylation","B0702",17,7,2,8,41,12
"Acetylation","N-term","N-term acetylation","A0201",100,2,6,92,2,6
"Acetylation","N-term","N-term acetylation","B0702",109,6,5,98,6,5
"Acetylation","N-term","N-term acetylation","C0702",99,2,8,89,2,8
"Artifact Oxidation","C","C artifact oxidation","A0201",11,4,4,3,36,36
"Artifact Oxidation","D","D artifact oxidation","A0201",38,27,7,4,71,18
"Artifact Oxidation","E","E artifact oxidation","A0201",41,28,7,6,68,17
"Artifact Oxidation","E","E artifact oxidation","B0702",13,10,0,3,77,0
"Artifact Oxidation","F","F artifact oxidation","A0201",79,51,15,13,65,19
"Artifact Oxidation","F","F artifact oxidation","B0702",25,15,5,5,60,20
"Artifact Oxidation","G","G artifact oxidation","A0201",22,11,8,3,50,36
"Artifact Oxidation","G","G artifact oxidation","B0702",17,8,2,7,47,12
"Artifact Oxidation","H","H artifact oxidation","A0201",41,29,6,6,71,15
"Artifact Oxidation","H","H artifact oxidation","B0702",19,10,3,6,53,16
"Artifact Oxidation","I","I artifact oxidation","A0201",22,13,8,1,59,36
"Artifact Oxidation","K","K artifact oxidation","A0201",49,27,12,10,55,24
"Artifact Oxidation","K","K artifact oxidation","B0702",22,12,3,7,55,14
"Artifact Oxidation","L","L artifact oxidation","A0201",54,38,12,4,70,22
"Artifact Oxidation","L","L artifact oxidation","B0702",16,11,1,4,69,6
"Artifact Oxidation","M","M artifact oxidation","A0201",3668,2504,746,418,68,20
"Artifact Oxidation","M","M artifact oxidation","B0702",2258,1607,273,378,71,12
"Artifact Oxidation","M","M artifact oxidation","C0702",336,101,62,173,30,18
"Artifact Oxidation","N","N artifact oxidation","A0201",35,22,10,3,63,29
"Artifact Oxidation","P","P artifact oxidation","A0201",13,9,2,2,69,15
"Artifact Oxidation","P","P artifact oxidation","B0702",43,32,4,7,74,9
"Artifact Oxidation","Q","Q artifact oxidation","A0201",12,10,1,1,83,8
"Artifact Oxidation","Q","Q artifact oxidation","B0702",11,7,1,3,64,9
"Artifact Oxidation","R","R artifact oxidation","A0201",18,10,3,5,56,17
"Artifact Oxidation","R","R artifact oxidation","B0702",20,12,3,5,60,15
"Artifact Oxidation","S","S artifact oxidation","A0201",30,20,7,3,67,23
"Artifact Oxidation","S","S artifact oxidation","B0702",32,24,3,5,75,9
"Artifact Oxidation","T","T artifact oxidation","A0201",24,17,2,5,71,8
"Artifact Oxidation","T","T artifact oxidation","B0702",12,11,0,1,92,0
"Artifact Oxidation","V","V artifact oxidation","A0201",30,17,11,2,57,37
"Artifact Oxidation","W","W artifact oxidation","A0201",96,79,6,11,82,6
"Artifact Oxidation","W","W artifact oxidation","B0702",26,16,2,8,62,8
"Artifact Oxidation","W","W artifact oxidation","C0702",13,5,1,7,38,8
"Artifact Oxidation","Y","Y artifact oxidation","A0201",34,25,7,2,74,21
"Carbamidomethylation","C","C carbamidomethylation","A0201",32,12,4,16,38,12
"Carbamidomethylation","C","C carbamidomethylation","B0702",10,4,0,6,40,0
"Citrullination","R","R citrullination","A0201",24,10,3,11,42,12
"Citrullination","R","R citrullination","B0702",91,69,5,17,76,5
"Citrullination","R","R citrullination","C0702",23,4,2,17,17,9
"Cysteinylation","C","C cysteinylation","A0201",1450,762,429,259,53,30
"Cysteinylation","C","C cysteinylation","B0702",740,456,120,164,62,16
"Cysteinylation","C","C cysteinylation","C0702",165,18,30,117,11,18
"Deamidation","N","N deamidation","A0201",488,300,91,97,61,19
"Deamidation","N","N deamidation","B0702",354,262,29,63,74,8
"Deamidation","N","N deamidation","C0702",116,24,19,73,21,16
"Deamidation","Q","Q deamidation","A0201",298,219,33,46,73,11
"Deamidation","Q","Q deamidation","B0702",253,190,14,49,75,6
"Deamidation","Q","Q deamidation","C0702",44,14,7,23,32,16
"Dimethylation","P","P dimethylation","B0702",30,22,4,4,73,13
"Dimethylation","R","R dimethylation","A0201",12,3,1,8,25,8
"Dimethylation","R","R dimethylation","B0702",86,72,8,6,84,9
"Dimethylation","R","R dimethylation","C0702",12,1,5,6,8,42
"Methylation","D","D methylation","A0201",12,6,1,5,50,8
"Methylation","K","K methylation","A0201",11,1,4,6,9,36
"Methylation","L","L methylation","A0201",15,6,2,7,40,13
"Methylation","R","R methylation","A0201",16,3,1,12,19,6
"Methylation","R","R methylation","B0702",53,40,8,5,75,15
"Methylation","S","S methylation","A0201",19,7,4,8,37,21
"Methylation","S","S methylation","B0702",34,17,8,9,50,24
"N-Glycosylation","N","N n-glycosylation","A0201",18,3,3,12,17,17
"N-Glycosylation","N","N n-glycosylation","B0702",20,10,2,8,50,10
"Oxidation","C","C oxidation","A0201",59,21,17,21,36,29
"Oxidation","C","C oxidation","B0702",18,4,2,12,22,11
"Oxidation","D","D oxidation","A0201",72,42,8,22,58,11
"Oxidation","D","D oxidation","B0702",18,9,0,9,50,0
"Oxidation","E","E oxidation","A0201",76,45,11,20,59,14
"Oxidation","E","E oxidation","B0702",24,15,0,9,62,0
"Oxidation","E","E oxidation","C0702",12,2,2,8,17,17
"Oxidation","G","G oxidation","A0201",47,21,9,17,45,19
"Oxidation","G","G oxidation","B0702",36,14,4,18,39,11
"Oxidation","I","I oxidation","A0201",28,17,9,2,61,32
"Oxidation","K","K oxidation","A0201",50,27,10,13,54,20
"Oxidation","K","K oxidation","B0702",28,13,5,10,46,18
"Oxidation","L","L oxidation","A0201",80,51,15,14,64,19
"Oxidation","L","L oxidation","B0702",37,20,5,12,54,14
"Oxidation","M","M oxidation","A0201",423,273,98,52,65,23
"Oxidation","M","M oxidation","B0702",195,143,18,34,73,9
"Oxidation","M","M oxidation","C0702",25,5,7,13,20,28
"Oxidation","N","N oxidation","A0201",70,43,13,14,61,19
"Oxidation","N","N oxidation","B0702",22,17,3,2,77,14
"Oxidation","P","P oxidation","A0201",31,16,6,9,52,19
"Oxidation","P","P oxidation","B0702",79,51,10,18,65,13
"Oxidation","Q","Q oxidation","A0201",26,12,2,12,46,8
"Oxidation","Q","Q oxidation","B0702",19,11,1,7,58,5
"Oxidation","R","R oxidation","A0201",19,10,3,6,53,16
"Oxidation","R","R oxidation","B0702",25,14,3,8,56,12
"Oxidation","S","S oxidation","A0201",49,23,7,19,47,14
"Oxidation","S","S oxidation","B0702",46,33,3,10,72,7
"Oxidation","S","S oxidation","C0702",13,1,2,10,8,15
"Oxidation","T","T oxidation","A0201",40,21,2,17,52,5
"Oxidation","T","T oxidation","B0702",27,20,0,7,74,0
"Oxidation","V","V oxidation","A0201",54,24,13,17,44,24
"Oxidation","V","V oxidation","B0702",11,7,1,3,64,9
"Oxidation","W","W oxidation","A0201",12,5,2,5,42,17
"Oxidation","Y","Y oxidation","A0201",64,40,16,8,62,25
"Oxidation","Y","Y oxidation","C0702",17,6,2,9,35,12
"Phosphorylation","S","S phosphorylation","A0201",145,92,38,15,63,26
"Phosphorylation","S","S phosphorylation","B0702",328,303,17,8,92,5
"Phosphorylation","S","S phosphorylation","C0702",44,28,11,5,64,25
"Phosphorylation","T","T phosphorylation","A0201",58,38,8,12,66,14
"Phosphorylation","T","T phosphorylation","B0702",88,79,5,4,90,6
"Phosphorylation","T","T phosphorylation","C0702",12,6,3,3,50,25
"Phosphorylation","Y","Y phosphorylation","A0201",22,15,6,1,68,27
"SUMOylation","K","K sumoylation","A0201",10,1,0,9,10,0
"SUMOylation","K","K sumoylation","B0702",11,2,0,9,18,0
"Ubiquitination","K","K ubiquitination","A0201",123,46,5,72,37,4
"Ubiquitination","K","K ubiquitination","B0702",69,24,7,38,35,10
"Ubiquitination","K","K ubiquitination","C0702",58,3,2,53,5,3
"Ubiquitination","S","S ubiquitination","A0201",110,7,4,99,6,4
"Ubiquitination","S","S ubiquitination","B0702",102,14,10,78,14,10
"Ubiquitination","S","S ubiquitination","C0702",50,5,2,43,10,4
"Ubiquitination","T","T ubiquitination","A0201",74,5,7,62,7,9
"Ubiquitination","T","T ubiquitination","B0702",57,12,4,41,21,7
"Ubiquitination","T","T ubiquitination","C0702",48,2,0,46,4,0
